Name,Category,ID,iName
accessories stand,Housewares,0F6C,Jewelrystand
ACNH Nintendo Switch,Housewares,3123,SwitchAC
acoustic guitar,Housewares,017F,Acorsticguitar
air circulator,Housewares,0EED,Circulator
air conditioner,Housewares,03A1,Airconditioner
alto saxophone,Housewares,034E,Altosax
aluminum briefcase,Housewares,1D1D,Duralumincase
amp,Housewares,0351,Amp
analog kitchen scale,Housewares,0F99,Weighing
anatomical model,Housewares,0525,Anatomicalmodel
anchor statue,Housewares,1C46,Shipanchor
angled signpost,Housewares,1EBB,SignpostTilt
ant farm,Housewares,2E5A,InsectAriFarm
anthurium plant,Housewares,0F6D,PlantAnthurium
antique bed,Housewares,0F75,AntiqueBedW
antique bureau,Housewares,0F74,AntiqueBureau
antique chair,Housewares,0F6E,AntiqueChairS
antique clock,Housewares,0F72,AntiqueClock
antique console table,Housewares,0F6F,AntiqueConsole
antique mini table,Housewares,0F76,AntiqueTableS
antique phone,Housewares,0F71,AntiquePhoneW
antique table,Housewares,0F70,AntiqueTableL
antique vanity,Housewares,0F73,AntiqueDresser
antique wardrobe,Housewares,0F77,AntiqueChest
apple chair,Housewares,1026,FruitsChairApple
Aquarius urn,Housewares,1744,ZodiacAquarius
arcade combat game,Housewares,2022,ArcadegameShooting
arcade fighting game,Housewares,2021,ArcadegameFight
arcade mahjong game,Housewares,2023,ArcadegameMahjong
arcade seat,Housewares,2FAF,GameChair
Aries rocking chair,Housewares,1742,ZodiacAries
aroma pot,Housewares,06D9,Alomapot
artisanal bug cage,Housewares,1E9F,EventobjInsectBox
asteroid,Housewares,059F,Meteo
astronaut suit,Housewares,05A5,Spacesuit
autograph cards,Housewares,076B,Autograph
automatic washer,Housewares,0AB4,Washingmachine
Baby bear,Housewares,05DD,BearS
baby chair,Housewares,0CE9,Babychair
Baby panda,Housewares,25E2,PandaS
ball,Housewares,07DA,Ball
bamboo basket,Housewares,0E4A,BambooBasket
bamboo bench,Housewares,02C6,BambooChairL
bamboo candleholder,Housewares,0DE2,BambooCandle
bamboo doll,Housewares,0DE3,BambooSurprisedbox
bamboo drum,Housewares,0FFD,Bamboodrum
bamboo floor lamp,Housewares,0DE5,BambooLamp
bamboo lunch box,Housewares,175A,BambooLunch
bamboo noodle slide,Housewares,175B,BambooSomen
bamboo partition,Housewares,0DE1,BambooScreen
bamboo shelf,Housewares,0DDF,BambooShelf
bamboo speaker,Housewares,29F7,BambooMusic
bamboo sphere,Housewares,1758,BambooBall
bamboo stool,Housewares,29F6,BambooStool
bamboo stopblock,Housewares,0DE4,BambooCarstop
bamboo wall decoration,Housewares,0DE6,BambooFlowerwall
bamboo-shoot lamp,Housewares,1759,BambooshootLamp
barbecue,Housewares,014A,Barbecuegrill
barbell,Housewares,0FEE,Barbell
barrel,Housewares,04F2,PirateBarrel
basic teacher's desk,Housewares,0532,SchoolTeachertable
basketball hoop,Housewares,1082,Basketgoal
bathroom sink,Housewares,04CD,Washstand
bathroom towel rack,Housewares,0FBE,TowelrackWall
beach ball,Housewares,2570,Beachball
beach chair,Housewares,0298,Beachbed
beach towel,Housewares,0D8C,Beachtowel
beekeeper's hive,Housewares,0D4E,Beekeepingbox
bidet,Housewares,1002,WCBidet
big festive tree,Housewares,0F7E,TreeXmasL
billiard table,Housewares,035F,Billiard
bingo wheel,Housewares,0360,Bingo
birdbath,Housewares,014B,Birdbus
birdcage,Housewares,0361,Birdcage
birdhouse,Housewares,014D,Birdhouse
birthday cake,Housewares,0E08,BirthdayCake
birthday candles,Housewares,0E07,BirthdayCandle
birthday sign,Housewares,0E0A,BirthdayBoard
birthday table,Housewares,0E09,BirthdayTable
blossom-viewing lantern,Housewares,1AAF,SakuraLantern
blue corner,Housewares,1BEE,RingcornerBlue
board game,Housewares,1DAF,Boardgame
bonfire,Housewares,0596,Campfire
bonsai shelf,Housewares,0DFC,BonsaiShelf
book,Housewares,0DFE,BookOpened
book stands,Housewares,0366,Bookstand
boomerang,Housewares,02AA,Boomerang
bottled ship,Housewares,02AB,Bottleship
box corner sofa,Housewares,073D,BoxsofaCorner
box sofa,Housewares,073C,Boxsofa
Brake Tapper,Housewares,3052,CompassSlot
breaker,Housewares,036B,Breaker
brick oven,Housewares,0485,Stoneoven
brick well,Housewares,0EC0,WellBrick
brine-shrimp aquarium,Housewares,2C13,ArtemiaAquarium
bronze bug trophy,Housewares,04B5,TrophyInsectBronz
bronze fish trophy,Housewares,04B2,TrophyFishBronz
bronze HHA plaque,Housewares,1B7D,ShieldHhaBronze
bronze HHA trophy,Housewares,1BBA,TrophyHhaBronze
broom and dustpan,Housewares,0F7F,Cleaningset
bug plaque,Housewares,30C5,MuseumInsectWall
bunk bed,Housewares,206A,Bunkbed
Bunny Day arch,Housewares,306E,EggArch
Bunny Day basket,Housewares,3096,EggBasket
Bunny Day bed,Housewares,307E,EggBedW
Bunny Day festive balloons,Housewares,3085,EggBalloonB
Bunny Day glowy garland,Housewares,3081,EggLampWall
Bunny Day lamp,Housewares,307D,EggLamp
Bunny Day merry balloons,Housewares,3083,EggBalloonA
Bunny Day stool,Housewares,307F,EggStool
Bunny Day table,Housewares,3094,EggTableS
Bunny Day vanity,Housewares,3084,EggDresser
Bunny Day wall clock,Housewares,3082,EggClock
Bunny Day wardrobe,Housewares,3095,EggClosetLR
butter churn,Housewares,1E7D,Buttermixer
butterfly-fish model,Housewares,2BAE,FishChouchouuoWall
cacao tree,Housewares,04FD,PlantCacao
camp stove,Housewares,0379,Kocher
campfire,Housewares,0595,Bonfire
campfire cookware,Housewares,0599,Messtin
camping cot,Housewares,0FF1,Campbed
campsite sign,Housewares,3056,CompassSignCamp
Cancer table,Housewares,1747,ZodiacCancer
candle,Housewares,0A02,Candle
candy machine,Housewares,1CE0,Candymachine
Capricorn ornament,Housewares,1745,ZodiacCapricornus
cardboard bed,Housewares,1BF9,CardboardBedS
cardboard box,Housewares,0E58,Cardboard
cardboard chair,Housewares,1BFB,CardboardChairS
cardboard sofa,Housewares,1BF7,CardboardSofaL
cardboard table,Housewares,1BF8,CardboardTableL
cartoonist's set,Housewares,101A,Cartoonistset
cassette player,Housewares,06AC,RadicaseW
cat grass,Housewares,1BE0,Catgrass
cat tower,Housewares,0380,Cattower
celebratory candles,Housewares,126F,CelebratoryCandle
cello,Housewares,05A9,Cello
chalkboard,Housewares,07DC,Blackboard
champion's pennant,Housewares,1C60,Victoryflag
changing room,Housewares,0718,Fittingroom
cherry lamp,Housewares,0FAC,FruitsLampW
cherry speakers,Housewares,0FAB,FruitsMusic
cherry-blossom bonsai,Housewares,178E,BonsaiSakura
cherry-blossom branches,Housewares,178F,SakuraBranch
cherry-blossom clock,Housewares,1AB0,SakuraClockW
cherry-blossom pond stone,Housewares,1CF1,StonewaterbowlSakura
cherry-blossom-petal pile,Housewares,1790,SakuraPetal
chessboard,Housewares,0AD2,Chess
clackercart,Housewares,0050,Katakatatoy
classic pitcher,Housewares,0FE9,Potteryjug
claw-foot tub,Housewares,06DD,BathtubCabriole
clay furnace,Housewares,02CD,KitchenKamado
climbing wall,Housewares,0FA6,Climbingwall
clothes closet,Housewares,251E,Fashioncase
clothesline,Housewares,0C9D,Clothesline
clothesline pole,Housewares,06F2,Clotheshorse
coconut juice,Housewares,0E64,Coconutjuice
coconut wall planter,Housewares,1022,PlanterPalm
coffee cup,Housewares,0396,Coffeecup
coffee grinder,Housewares,0398,Coffeemill
colorful wheel,Housewares,0458,Roulette
cone,Housewares,0092,Pylon
construction sign,Housewares,2560,SignConstruction
cooler box,Housewares,0BF8,Coolerbox
cordless phone,Housewares,0FA9,PhoneCordless
corkboard,Housewares,06F7,Corkboard
cosmos shower,Housewares,1C3E,FlowerShower
cotton-candy stall,Housewares,113C,Cottoncandymachine
cream and sugar,Housewares,0489,Sugermilk
crescent-moon chair,Housewares,1AAD,StarMoonChairL
crewed spaceship,Housewares,162C,Spacecraft
cuckoo clock,Housewares,0393,Cuckooclock
cushion,Housewares,0700,Cushion
cute bed,Housewares,0E28,CuteBedW
cute chair,Housewares,0F9F,CuteChairS
cute DIY table,Housewares,0F9B,CuteWorkbench
cute floor lamp,Housewares,0FA2,CuteLamp
cute music player,Housewares,0FA3,CuteAudio
cute sofa,Housewares,0F9E,CuteChairL
cute tea table,Housewares,0FA0,CuteTableS
cute vanity,Housewares,0FA1,CuteDresser
cute wall-mounted clock,Housewares,0F9C,CuteClockW
cute wardrobe,Housewares,0F9D,CuteClosetLR
cutting board,Housewares,0E22,Cuttingboard
cypress bathtub,Housewares,1BF1,BathHinoki
cypress plant,Housewares,0725,PlantGoldcrest
DAL model plane,Housewares,2F6C,DalFigure
DAL mug,Housewares,2F6B,DalMug
Dala horse,Housewares,02AD,Dalecarlianhorse
dartboard,Housewares,03A9,Darts
decoy duck,Housewares,0705,Decoy
deer decoration,Housewares,0D0C,Huntingtrophy
deer scare,Housewares,02A5,Shishiodoshi
deluxe washer,Housewares,04CB,WashingmachineDrum
den chair,Housewares,0EC8,DrawingChair
den desk,Housewares,0EC7,DrawingTable
desk mirror,Housewares,074C,Mirror
desktop computer,Housewares,0E06,DesktopPC
destinations signpost,Housewares,10D5,SignpostWorld
digital alarm clock,Housewares,0AAB,Digitalclock
digital scale,Housewares,0CEB,Weightscale
diner chair,Housewares,1029,AmeretroChairS
diner counter chair,Housewares,102A,AmeretroCounterchair
diner counter table,Housewares,102B,AmeretroCounter
diner dining table,Housewares,102E,AmeretroTableM
diner mini table,Housewares,1159,AmeretroTableS
diner neon clock,Housewares,1030,AmeretroClock
diner neon sign,Housewares,102F,AmeretroNeon
diner sofa,Housewares,102D,AmeretroChairL
dinnerware,Housewares,0706,Dishes
director's chair,Housewares,07E4,Directorchair
dish-drying rack,Housewares,0D48,Drainerbasket
DIY workbench,Housewares,04D9,Workbench
DJ's turntable,Housewares,03AD,DJbooth
document stack,Housewares,06D6,OfficePapers
doghouse,Housewares,0707,Doghouse
dolly,Housewares,05D7,Doll
double sofa,Housewares,09FA,SofaL
double-door refrigerator,Housewares,100D,RefrigeratorDoubledoor
double-sided wall clock,Housewares,1025,BothsideclockWall
drink machine,Housewares,070A,Drinkmachine
drinking fountain,Housewares,090F,Drinkingfountain
drum set,Housewares,070B,DrumSet
drying rack,Housewares,1E6D,Clothesstand
effects rack,Housewares,03B6,Effectorrack
elaborate kimono stand,Housewares,1EB9,KimonostandRich
electric bass,Housewares,070C,Electricbass
electric guitar,Housewares,066D,Electricguitar2
electric kick scooter,Housewares,1DE6,KickboardElectric
electronics kit,Housewares,0FE7,Electronicset
elephant slide,Housewares,0056,Slideelephant
espresso maker,Housewares,03BA,Espresso
essay set,Housewares,100E,Writerset
exercise ball,Housewares,063E,Balanceball
exercise bike,Housewares,011F,Exercisebike
exit sign,Housewares,03BB,Exit
fan,Housewares,0EEC,Fan
fan palm,Housewares,0508,PlantYamadoriyashi
fancy violin,Housewares,0AD4,Violin
fax machine,Housewares,1005,Fax
festive top set,Housewares,2FC6,Festivaltop
festive tree,Housewares,0F97,TreeXmasS
film projector,Housewares,0F7B,Projector
fire pit,Housewares,1004,Firepit
fireplace,Housewares,02E6,Fireplace
firewood,Housewares,1752,Firewood
fish plaque,Housewares,30C6,MuseumFishWall
fish print,Housewares,0E73,Fishprint
fish-drying rack,Housewares,0DFD,Driedfish
fishing-boat flag,Housewares,0DFF,Bigcatchflag
fishing-rod stand,Housewares,0E03,Rodstand
flashy-flower sign,Housewares,04DB,Wreath
flat garden rock,Housewares,2FAE,GardenrockLow
floating-biotope planter,Housewares,0FFE,Biotope
floor lamp,Housewares,0A01,Lamp
floor light,Housewares,1BDF,Grandlight
floor seat,Housewares,0E26,Floorchair
floor sign,Housewares,1C5C,Safetycone
floral swag,Housewares,0FBB,FlowerSwag
flower stand,Housewares,1D67,Standflower
flying saucer,Housewares,05A7,UFO
folding chair,Housewares,1D69,Pipechair
folding floor lamp,Housewares,0FAE,LampArm
foosball table,Housewares,0499,Tablesoccer
football,Housewares,111D,Football
formal paper,Housewares,1003,Testimonial
fortune-cookie cart,Housewares,3051,CompassFortuneshop
fortune-telling set,Housewares,0F79,Psychicset
fossil plaque,Housewares,30C4,MuseumFossilWall
fountain,Housewares,1F5F,Fountain
fragrance diffuser,Housewares,20E2,Aromadiffuser
fragrance sticks,Housewares,2804,Aromastick
freezer,Housewares,1027,Freezer
fresh cooler,Housewares,1E9E,EventobjFishBox
frozen arch,Housewares,0DAB,IceGate
frozen bed,Housewares,0DAE,IceBedW
frozen chair,Housewares,0DAF,IceChairS
frozen counter,Housewares,0DB1,IceCounter
frozen partition,Housewares,0DAA,IceScreen
frozen pillar,Housewares,0DAC,IcePillar
frozen sculpture,Housewares,0DAD,IceArt
frozen table,Housewares,0DA9,IceTableL
frozen tree,Housewares,0DB0,IceTree
frozen-treat set,Housewares,10B7,IceCandy
fruit basket,Housewares,03CF,Fruitbasket
frying pan,Housewares,1008,Pan
futon,Housewares,0C9E,Futon
garbage bin,Housewares,2627,PaleCaster
garbage can,Housewares,09FB,PaleTinplate
garbage pail,Housewares,09FC,Pale
garden bench,Housewares,0DB5,Parkbenche
garden faucet,Housewares,065F,Waterview
garden gnome,Housewares,0658,Dwarf
garden lantern,Housewares,065C,LampGarden
garden rock,Housewares,02D9,Gardenrock
garden wagon,Housewares,20E3,Gardenwagon
gas range,Housewares,0CB3,KitchenOven
gears,Housewares,1C70,GearWall
Gemini closet,Housewares,1748,ZodiacGemini
giant teddy bear,Housewares,05E0,BearXL
glass holder with candle,Housewares,1086,Glasscandle
globe,Housewares,0583,Globe
go board,Housewares,03D5,Go
gold bars,Housewares,0BF9,Goldbar
gold bug trophy,Housewares,04B3,TrophyInsectGold
gold fish trophy,Housewares,04B0,TrophyFishGold
gold HHA plaque,Housewares,1B7B,ShieldHhaGold
gold HHA trophy,Housewares,1B78,TrophyHhaGold
golden arowana model,Housewares,2BFC,FishArowanaGold
golden candlestick,Housewares,0EBC,GoldCandlestand
golden casket,Housewares,2279,GoldCoffin
golden dishes,Housewares,0EE2,GoldDishes
golden dung beetle,Housewares,1735,InsectKabutomushiGold
golden gears,Housewares,2BFD,GearWallGold
golden seat,Housewares,0D91,Goldbench
golden toilet,Housewares,0D90,GoldWC
golf bag,Housewares,0660,Golfbag
gong,Housewares,0FEB,Tamtam
grand piano,Housewares,0753,PianoGrand
grass standee,Housewares,0212,HariboteGrass
grasshopper-head model,Housewares,2B5B,InsectTonosamabattaFace
green-leaf pile,Housewares,10AD,FallenleavesGreen
hammock,Housewares,0654,Hammock
hamster cage,Housewares,0544,Hamstercage
handcart,Housewares,1C3D,Handcart
handy water cooler,Housewares,0F78,Waterjug
hanging scroll,Housewares,1C72,Hangingscroll
hanging terrarium,Housewares,0EBF,TerrariumWall
harp,Housewares,03DB,Harp
hay bed,Housewares,0E5B,Haybed
hearth,Housewares,02D2,Irori
hedge standee,Housewares,0213,HariboteHedge
HHA pennant,Housewares,1B80,PenantHha
hi-fi stereo,Housewares,0316,ComponentHighclass
high-end stereo,Housewares,0319,ComponentPro
holiday candle,Housewares,037B,CandleXmas
homework set,Housewares,0F80,StudySet
hose reel,Housewares,1011,Hosereel
hourglass,Housewares,0764,Sandglass
hula doll,Housewares,02B2,Huladoll
humidifier,Housewares,072C,Humidifier
hyacinth lamp,Housewares,1C42,FlowerLamp
illuminated present,Housewares,100C,IllumiPresent
illuminated reindeer,Housewares,0FEA,IllumiReindeer
illuminated snowflakes,Housewares,1023,IllumiSnow
illuminated tree,Housewares,0FE2,IllumiTree
imperial bed,Housewares,0F85,OrientalBedW
imperial chest,Housewares,0F84,OrientalChest
imperial decorative shelves,Housewares,0F82,OrientalShelfWall
imperial dining chair,Housewares,1E75,ChineseChair
imperial dining lantern,Housewares,20DF,ChineseLampWall
imperial dining table,Housewares,1E74,Lazysusan
imperial low table,Housewares,0F86,OrientalTableM
imperial partition,Housewares,0F83,OrientalScreen
incense burner,Housewares,03E5,Incense
inflatable sofa,Housewares,0F7A,Airsofa
infused-water dispenser,Housewares,100B,Fruitswater
intercom monitor,Housewares,0D47,Intercom
iron closet,Housewares,25AA,IronClosetLR
iron frame,Housewares,09F9,Ironframe
iron garden bench,Housewares,0659,IrongardenBench
iron garden chair,Housewares,065A,IrongardenChair
iron garden table,Housewares,065B,IrongardenTable
iron hanger stand,Housewares,0DE9,IronHanger
iron shelf,Housewares,0DEB,IronShelf
iron wall lamp,Housewares,0DE7,IronLampW
iron wall rack,Housewares,0DEA,IronShelfW
iron worktable,Housewares,0DE8,IronTableM
ironing board,Housewares,1D6B,Ironstand
ironing set,Housewares,072E,Iron
ironwood bed,Housewares,0C80,IronwoodBedS
ironwood cart,Housewares,0C7B,IronwoodServingcart
ironwood chair,Housewares,0C79,IronwoodChairS
ironwood clock,Housewares,0CCB,IronwoodClockW
ironwood cupboard,Housewares,0CC7,IronwoodCupboard
ironwood DIY workbench,Housewares,0F67,WorkbenchIronwood
ironwood dresser,Housewares,0C7C,IronwoodChest
ironwood kitchenette,Housewares,0CC6,IronwoodKitchen
ironwood low table,Housewares,0C7A,IronwoodTableM
ironwood table,Housewares,0C77,IronwoodTableL
jail bars,Housewares,172B,ScreenCage
judge's bell,Housewares,05B0,Gong
juicy-apple TV,Housewares,0A24,FruitsTV
jukebox,Housewares,0317,Jukebox
katana,Housewares,0D4F,JapanSword
kettle,Housewares,02D4,KettleJapan
kettle bathtub,Housewares,0FA8,Goemonburo
kettlebell,Housewares,1D6F,Kettlebell
key holder,Housewares,0F98,Keyhanger
kimono stand,Housewares,1E02,Kimonostand
kitchen island,Housewares,03E6,KitchenIsland
kitty litter box,Housewares,1E7B,PetWC
knife block,Housewares,1E7C,Kniferack
kotatsu,Housewares,0739,Kotatsu
lab-experiments set,Housewares,0FB0,Experimentset
lantern,Housewares,0598,Lantern
laptop,Housewares,073A,Laptop
large cardboard boxes,Housewares,0D54,MovingboxL
lawn chair,Housewares,0655,Vinylchair
lawn mower,Housewares,0152,Lawnmower
LCD TV (20 in.),Housewares,0D05,TV20inch
LCD TV (50 in.),Housewares,0CB4,TV50inch
leaf campfire,Housewares,1E6C,Fallenleavesfire
leaf stool,Housewares,1CDE,FallenleavesChairS
lecture-hall bench,Housewares,07DD,ChairCollage
lecture-hall desk,Housewares,07DE,TableCollage
Leo sculpture,Housewares,174C,ZodiacLeo
Libra scale,Housewares,0EBE,ZodiacLibra
life ring,Housewares,1BEC,Lifebelt
lifeguard chair,Housewares,0D11,Monitoringchair
light switch,Housewares,0D8F,SwitchWall
lighthouse,Housewares,091F,Lighthouse
lily record player,Housewares,1C44,FlowerRecordplayer
loft bed with desk,Housewares,0E25,Beddesk
log bed,Housewares,0FC9,LogBedW
log bench,Housewares,0FCA,LogStoolL
log chair,Housewares,0FC7,LogSofaS
log decorative shelves,Housewares,0FC4,LogShelf
log dining table,Housewares,0FC8,LogTableL
log extra-long sofa,Housewares,0FCC,LogSofaL
log garden lounge,Housewares,0FC3,LogBedS
log round table,Housewares,0FCB,LogTableLRound
log stakes,Housewares,1755,WoodPile
log stool,Housewares,0FC6,LogStoolS
log wall-mounted clock,Housewares,0FC5,LogClockWall
long bathtub,Housewares,0FF0,Bathtub
loom,Housewares,1E01,Loom
low screen,Housewares,0405,ScreenJapanLow
lucky cat,Housewares,0083,Manekineko
lucky gold cat,Housewares,2656,ManekinekoGold
lunar lander,Housewares,05A0,Module
lunar rover,Housewares,05A2,Moonrover
macrame tapestry,Housewares,1017,Macrametapestry
magazine,Housewares,0E02,MagagineOpened
magazine rack,Housewares,0408,Magazinerack
magic kit,Housewares,1128,Magicset
magnetic knife rack,Housewares,1016,KniferackWall
Mama bear,Housewares,05DC,BearM
Mama panda,Housewares,25E3,PandaM
manhole cover,Housewares,0090,Manhole
mantis-head model,Housewares,2B5A,InsectKamakiriFace
maple-leaf pond stone,Housewares,1CF0,StonewaterbowlAutumun
marimba,Housewares,1019,Marimba
Market Place decoration,Housewares,3050,CompassPole
matryoshka,Housewares,0674,Matryoshka
medium cardboard boxes,Housewares,0D53,MovingboxM
menu chalkboard,Housewares,074A,Menuboard
metal can,Housewares,1C5E,Ittocan
metronome,Housewares,0412,Metronome
mic stand,Housewares,251F,MikeStand
microscope,Housewares,0527,Microscope
microwave,Housewares,0413,Microwave
mini DIY workbench,Housewares,0C32,WorkbenchS
mini fridge,Housewares,2626,RefrigeratorMini
mini-cactus set,Housewares,101B,CactusesMini
mixer,Housewares,041A,Mixer
moai statue,Housewares,02BA,Moai
mobile,Housewares,255D,Mobile
modeling clay,Housewares,1C5A,Claytoy
modern office chair,Housewares,0340,OfficeChair
Mom's art,Housewares,1BE3,MomArt
Mom's candle set,Housewares,1BE7,MomCandle
Mom's cushion,Housewares,1BE8,MomCushion
Mom's embroidery,Housewares,1BE9,MomEmbroidery
Mom's homemade cake,Housewares,1BEA,MomCake
Mom's pen stand,Housewares,1BE5,MomPenstand
Mom's plushie,Housewares,1BEB,MomDoll
Mom's tea cozy,Housewares,1BE2,MomPot
Mom's tissue box,Housewares,1BE4,MomTissue
monster statue,Housewares,1272,Monster
monstera,Housewares,1021,PlantMonstera
moon,Housewares,041E,Moon
moss ball,Housewares,006D,BonsaiKokedama
mossy garden rock,Housewares,2FB0,GardenrockMoss
mountain bike,Housewares,0A36,Mountainbike
mountain standee,Housewares,0214,HariboteMountain
mounted black bass,Housewares,2B77,FishBlackbassWall
mounted blue marlin,Housewares,2B78,FishKajikiWall
Mr. Flamingo,Housewares,014F,FlamingoMale
Mrs. Flamingo,Housewares,0150,FlamingoFemale
mug,Housewares,074E,Mug
mum cushion,Housewares,1C40,FlowerStoolS
mush lamp,Housewares,0325,MushroomLamp
mush log,Housewares,0EE0,MushroomPulpwood
mush low stool,Housewares,1264,MushroomChairS
mush parasol,Housewares,0EDD,MushroomParasol
mush partition,Housewares,0EDE,MushroomScreen
mush table,Housewares,0328,MushroomTableL
music stand,Housewares,0422,Musicstand
nail-art set,Housewares,0FEC,Nailartset
natural garden chair,Housewares,0A1A,GardenChairNatural
natural garden table,Housewares,0D44,GardenTableNatural
natural square table,Housewares,302C,GardenTableSNatural
neutral corner,Housewares,1BF0,RingcornerNeutral
Newton's cradle,Housewares,2110,CradleNewton
Nintendo Switch,Housewares,30FF,Switch
nova light,Housewares,1AAA,StarLamp
nutcracker,Housewares,1C74,Nutcracker
office desk,Housewares,0348,OfficeTable
oil barrel,Housewares,061F,Drumcan
oil lamp,Housewares,0E46,Spiritlamp
oil-barrel bathtub,Housewares,0EEB,Drumcanbath
OK Motors sign,Housewares,3053,CompassSignOK
old sewing machine,Housewares,0467,SewingmachineRetro
old-fashioned alarm clock,Housewares,100F,ClockBell
old-fashioned washtub,Housewares,1129,Washtub
open-frame kitchen,Housewares,0E1F,KitchenFlame
orange end table,Housewares,0F87,FruitsTableS
orange wall-mounted clock,Housewares,0F88,FruitsClockW
ornament mobile,Housewares,1AA2,OrnamentMobile
outdoor air conditioner,Housewares,046B,Outdoorunit
outdoor bath,Housewares,0457,Openairbath
outdoor bench,Housewares,0F6B,OutdoorchairM
outdoor generator,Housewares,1D66,Outdoorgenerator
outdoor picnic set,Housewares,1791,SakuraPicnicset
outdoor table,Housewares,0F6A,OutdoortableM
pagoda,Housewares,02B0,Gojyu
painting set,Housewares,0F7D,Paintset
palm-tree lamp,Housewares,1C5B,Palmtreelamp
pansy table,Housewares,1C45,FlowerTableS
pants press,Housewares,0FB7,Pantspresser
Papa bear,Housewares,05DB,BearL
Papa panda,Housewares,25E4,PandaL
paper lantern,Housewares,02D5,LampJapan
paper tiger,Housewares,02B1,HarikoTiger
parabolic antenna,Housewares,0930,Parabolicantenna
park clock,Housewares,0E0B,Parkclock
party garland,Housewares,0FED,PartydecorationWall
peach chair,Housewares,101F,FruitsChairPeach
peach surprise box,Housewares,1020,FruitsBox
pear bed,Housewares,11C2,FruitsBedS
pear wardrobe,Housewares,04EF,FruitsClosetLR
pedal board,Housewares,1C59,Effectorset
pendulum clock,Housewares,100A,ClockPendulumWall
pennant,Housewares,0EEA,Pennant
pet bed,Housewares,1E7A,PetBed
pet food bowl,Housewares,1E79,PetFood
phone box,Housewares,04A1,Telephonebox
phonograph,Housewares,031A,Phonograph
piano bench,Housewares,0E61,Pianochair
picnic basket,Housewares,043A,Picnicbasket
pile of leaves,Housewares,03FF,Fallenleaves
pile of zen cushions,Housewares,1B88,CushionJapanPile
pinball machine,Housewares,043F,Pinball
pine bonsai tree,Housewares,0EDA,BonsaiPine
Pisces lamp,Housewares,174B,ZodiacPisces
plain sink,Housewares,0E63,WashstandBowl
plain wooden shop sign,Housewares,0E6C,SignWood
plasma ball,Housewares,1009,Plasmaball
plastic canister,Housewares,0759,Polytank
plastic pool,Housewares,0D14,CompassCarA
playground gym,Housewares,0D66,Junglegym
Pocket modern camper,Housewares,3054,CompassCarB
Pocket vintage camper,Housewares,3055,CompassCarA
podium,Housewares,0531,Lectern
pond stone,Housewares,1CE1,Stonewaterbowl
pool,Housewares,0E0C,Pool
poolside bed,Housewares,1006,Poolsidebed
popcorn machine,Housewares,0444,Popcornmachine
pop-up toaster,Housewares,0CD2,Toaster
portable radio,Housewares,0E71,Portableradio
portable record player,Housewares,10F2,Portablerecordplayer
portable toilet,Housewares,04D2,WCPortable
pot,Housewares,09FF,Kame
pot rack,Housewares,03A0,Potrack
potted ivy,Housewares,0EC9,LeafWall
pro tape recorder,Housewares,0EEE,Reelrecorder
protein shaker bottle,Housewares,1E78,Protein
public bench,Housewares,0D12,Publicbench
pull-up-bar stand,Housewares,1EA5,Pullupstand
punching bag,Housewares,0FAD,Sandbag
pyramid,Housewares,21A0,Pyramid
raccoon figurine,Housewares,1D1C,OrnamentTanuki
rattan armchair,Housewares,0FD5,RattanChairS
rattan bed,Housewares,0FD4,RattanBedW
rattan end table,Housewares,0FCE,RattanTableS
rattan low table,Housewares,0FD6,RattanTableM
rattan stool,Housewares,0FCF,RattanStool
rattan table lamp,Housewares,0FD2,RattanLamp
rattan towel basket,Housewares,0FD0,RattanBasket
rattan vanity,Housewares,0FD3,RattanDresser
rattan wardrobe,Housewares,0FD1,RattanClosetLR
rattan waste bin,Housewares,0FCD,RattanTrashbox
record box,Housewares,1FA0,Recordbox
recycled-can thumb piano,Housewares,1B85,KalimbaCan
red corner,Housewares,1BEF,RingcornerRed
red-leaf pile,Housewares,10AF,FallenleavesRed
Reese & Cyrus photo plate,Housewares,3115,WeddingDish
refrigerator,Housewares,0A99,Refrigerator
retro fan,Housewares,0AB0,FanRetro
retro gas pump,Housewares,102C,AmeretroGasstand
retro radiator,Housewares,0FBC,Centralheating
retro stereo,Housewares,031C,StereoRetro
revolving spice rack,Housewares,0465,Seasoning
rice cooker,Housewares,0760,RiceCooker
ring,Housewares,0761,Ring
ringtoss,Housewares,0058,Quoits
robot hero,Housewares,05E5,Herorobot
rock guitar,Housewares,066C,Electricguitar1
rocket,Housewares,05A1,Rocket
rocket lamp,Housewares,073B,Lavalamp
rocking chair,Housewares,044F,Rockingchair
rocking horse,Housewares,0053,Rockinghorse
rose bed,Housewares,1C43,FlowerBedW
rotary phone,Housewares,0FBD,PhoneDial
round space heater,Housewares,0AD3,StoveRound
Rover's briefcase,Housewares,30B8,TrunkXct
safe,Housewares,0347,Safebox
Sagittarius arrow,Housewares,1746,ZodiacSagittarius
sand castle,Housewares,045D,Sandcastle
sandbox,Housewares,045C,Sandbox
satellite,Housewares,05A3,Satellite
sauna heater,Housewares,0E69,StoveSauna
scarecrow,Housewares,0460,Scarecrow
scattered papers,Housewares,0FC2,Floorpapers
school chair,Housewares,051C,SchoolChairS
school desk,Housewares,0530,SchoolTableS
Scorpio lamp,Housewares,174A,ZodiacScorpio
screen,Housewares,02CC,ScreenByoubu
sea globe,Housewares,0464,Seaglobe
server,Housewares,0466,Server
serving cart,Housewares,0646,Servingcart
sewing machine,Housewares,0468,Sewingmachine
sewing project,Housewares,0D73,Sewingset
shaded floor lamp,Housewares,11DC,LampMount
shaved-ice maker,Housewares,029B,Icemachine
shell arch,Housewares,0F89,ShellArch
shell bed,Housewares,0F8F,ShellBedW
shell fountain,Housewares,0F8E,ShellFountain
shell lamp,Housewares,0F90,ShellLamp
shell partition,Housewares,0F8A,ShellScreen
shell speaker,Housewares,141E,ShellMusic
shell stool,Housewares,0F8B,ShellStoolS
shell table,Housewares,0F8C,ShellTableL
shower booth,Housewares,0FAF,ShowerboothSquare
shower set,Housewares,0FB1,ShowerWall
signpost,Housewares,0E04,Signpost
silo,Housewares,1C4F,Silo
silver bug trophy,Housewares,04B4,TrophyInsectSilver
silver fish trophy,Housewares,04B1,TrophyFishSilver
silver HHA plaque,Housewares,1B7C,ShieldHhaSilver
silver HHA trophy,Housewares,1BBC,TrophyHhaSilver
silver mic,Housewares,0415,MikeBone
simple DIY workbench,Housewares,1BE6,WorkbenchStump
simple kettle,Housewares,0735,Kettle
simple panel,Housewares,14DA,ScreenSimple
simple well,Housewares,0AC2,Well
skeleton,Housewares,052E,SchoolSkeleton
sleeping bag,Housewares,059A,Sleepingbag
sleigh,Housewares,1C71,Sled
small cardboard boxes,Housewares,0D52,MovingboxS
smoker,Housewares,0477,Smoker
snack machine,Housewares,03CB,Foodmachine
snow globe,Housewares,0479,Snowglobe
soccer goal,Housewares,047D,Soccergoal
soft-serve lamp,Housewares,0D58,LampSoftcream
solar panel,Housewares,091D,Solarpanel
soup kettle,Housewares,0E23,Soupjar
South Pole,Housewares,1FD6,Southpole
space shuttle,Housewares,05A4,Shuttle
speed bag,Housewares,1DE5,Speedbag
sphinx,Housewares,21FE,Sphinx
spider web,Housewares,0EE9,Spiderweb
spinning wheel,Housewares,0481,Spinning
springy ride-on,Housewares,111B,Springrider
squat toilet,Housewares,0AD7,WCJapan
stack of books,Housewares,06DF,Books
stacked magazines,Housewares,0745,Magagine
stadiometer,Housewares,0222,Stadiometer
stall,Housewares,0E21,Float
stand mixer,Housewares,0FB3,Standmixer
standard umbrella stand,Housewares,0D75,Umbrellastand
standing toilet,Housewares,04C1,WCUrinal
star clock,Housewares,1C55,StarClock
starry garland,Housewares,1AAB,StarDecorationWall
Statue of Liberty,Housewares,02B5,Liberty
steamer-basket set,Housewares,0D10,Basketsteamer
stone arch,Housewares,2EA5,RockArch
stone lion-dog,Housewares,1E73,Sekishishi
stone stool,Housewares,0D46,StoneChair
stone table,Housewares,0D45,StoneTable
stone tablet,Housewares,2EA7,RockMonument
Stonehenge,Housewares,1B83,Stonehenge
stovetop espresso maker,Housewares,2069,Espressomaker
street organ,Housewares,0FE6,Streetorgan
street piano,Housewares,2EA6,PianoStreet
streetlamp,Housewares,0EE8,Streetlamp
studio spotlight,Housewares,1C15,LampSpot
studio wall spotlight,Housewares,1C16,LampSpotWall
sturdy sewing box,Housewares,0D72,Sewingbox
succulent plant,Housewares,0084,PlantSucculents
surfboard,Housewares,1EBC,Surfboard
surveillance camera,Housewares,048D,Surveillance
swinging bench,Housewares,0492,SwingWood
synthesizer,Housewares,0493,Synthesizer
system kitchen,Housewares,0E20,KitchenSystem
table lamp,Housewares,0FE5,LampDesk
table setting,Housewares,0FE4,Tablesetting
table with cloth,Housewares,06F3,TableCloth
tabletop festive tree,Housewares,0FE3,TreeXmasMini
tall garden rock,Housewares,02DA,GardenrockTall
tall lantern,Housewares,02A4,Stonelantern
tankless toilet,Housewares,0AD8,WCTankless
tape deck,Housewares,0313,Radicase
tapestry,Housewares,02C0,Tapestry
tatami bed,Housewares,1CDF,TatamiBedS
Taurus bathtub,Housewares,1749,ZodiacTaurus
tea set,Housewares,0D8B,Teaset
tea table,Housewares,02E3,DiningtableJapan
teacup ride,Housewares,05E3,Turncup
telescope,Housewares,04A2,Telescope
tennis table,Housewares,049D,Takkyu
termite mound,Housewares,0D57,Anthill
terrarium,Housewares,0EBD,Terrarium
thank-you Dad mug,Housewares,30B7,ThankyouMugF
thank-you Mom mug,Housewares,30B6,ThankyouMugM
three-tiered snowperson,Housewares,14D9,Snowman
throwback container,Housewares,129A,BoyBox
throwback dino screen,Housewares,129B,BoyScreen
throwback gothic mirror,Housewares,1292,BoyMirror
throwback hat table,Housewares,1298,BoyTableL
throwback mitt chair,Housewares,1296,BoyChairS
throwback race-car bed,Housewares,1297,BoyBedS
throwback rocket,Housewares,1299,BoyClosetL
throwback skull radio,Housewares,1295,BoyAudio
throwback wall clock,Housewares,1294,BoyClockWall
throwback wrestling figure,Housewares,1291,BoyFigure
tiki torch,Housewares,0157,Torch
tin bucket,Housewares,0A20,Bucket
tiny library,Housewares,1603,Microlibrary
tire stack,Housewares,04A5,Tyres
tire toy,Housewares,0919,Playingtire
tissue box,Housewares,1012,Tissuebox
toilet,Housewares,0789,WC
toilet-cleaning set,Housewares,0FE8,CleaningsetWC
tool cart,Housewares,1D68,Toolcart
tool shelf,Housewares,1D65,Toolshelf
toolbox,Housewares,124F,Toolbox
tourist telescope,Housewares,0C06,TelescopeSightseeing
Tower of Pisa,Housewares,02BC,Pisa
toy box,Housewares,0E27,Toybox
toy centipede,Housewares,0F81,Centipedefake
toy cockroach,Housewares,0E24,Cockroachfake
traditional balancing toy,Housewares,1757,Balancingtoy
traditional tea set,Housewares,0FC1,TeasetChina
train set,Housewares,0055,Railroad
trash bags,Housewares,071F,Garbagebag
treadmill,Housewares,0122,Runningmachine
tree standee,Housewares,0215,HariboteTree
tree's bounty arch,Housewares,17C1,NutArch
tree's bounty big tree,Housewares,17C0,NutTreeL
tree's bounty lamp,Housewares,17BE,NutLamp
tree's bounty little tree,Housewares,17BF,NutTreeS
tree's bounty mobile,Housewares,17BB,NutMobile
tricycle,Housewares,04AF,Tricycle
trophy case,Housewares,1C5D,Trophycase
tulip surprise box,Housewares,1C3F,FlowerSurprisedbox
TV camera,Housewares,0584,CameraTV
typewriter,Housewares,04BB,Typewriter
ukulele,Housewares,029D,Ukulele
unfinished puzzle,Housewares,10D4,Puzzle
unglazed dish set,Housewares,0FB9,DishesUnglazed
upright locker,Housewares,0341,Locker
upright piano,Housewares,0439,PianoUpright
upright vacuum,Housewares,038C,CleanerStick
utility pole,Housewares,2593,Telephonepole
utility sink,Housewares,0FBA,Slopsink
vacuum cleaner,Housewares,038B,Cleaner
velvet stool,Housewares,2111,PianoStool
ventilation fan,Housewares,03BD,Extractorfan
video camera,Housewares,04C5,Videocamera
vintage TV tray,Housewares,115D,TVtray
Virgo harp,Housewares,1743,ZodiacVirgo
wall clock,Housewares,06D0,OfficeClock
wall fan,Housewares,0D67,FanRetroWall
wall-mounted candle,Housewares,142D,CandleWall
wall-mounted phone,Housewares,0F93,PhoneWall
wall-mounted tool board,Housewares,20E1,Toolhanger
wall-mounted TV (20 in.),Housewares,0F92,TV20inchWall
wall-mounted TV (50 in.),Housewares,0D64,TV50inchWall
wasp-head model,Housewares,2B5C,InsectHachiFace
water cooler,Housewares,04D0,Waterserver
water pump,Housewares,0916,Handpump
wave breaker,Housewares,0299,Tetrapod
wedding arch,Housewares,3072,WeddingArch
wedding bench,Housewares,3071,WeddingChairL
wedding cake,Housewares,3073,WeddingCake
wedding candle set,Housewares,3078,WeddingCandle
wedding chair,Housewares,3075,WeddingChairS
wedding decoration,Housewares,3077,WeddingFlowerWall
wedding flower stand,Housewares,307B,WeddingFlower
wedding head table,Housewares,3074,WeddingTableM
wedding pipe organ,Housewares,3079,WeddingOrgan
wedding table,Housewares,3076,WeddingTableL
wedding welcome board,Housewares,307A,WeddingBoard
weight bench,Housewares,05AC,Pressbench
western-style stone,Housewares,0D76,GravestoneEuropean
wheelchair,Housewares,0D74,Wheelchair
whirlpool bath,Housewares,0730,Jacuzzi
whiteboard,Housewares,1014,Whiteboard
wild log bench,Housewares,1754,WoodBench
wind turbine,Housewares,1CD3,Windturbine
windflower fan,Housewares,1C41,FlowerFan
wobbling Zipper toy,Housewares,307C,DollPyn
wood-burning stove,Housewares,1015,StoveWood
wooden bookshelf,Housewares,101D,Bookshelf
wooden bucket,Housewares,0370,BucketWood
wooden chair,Housewares,0779,WoodenChairS
wooden chest,Housewares,0A00,WoodenChest
wooden double bed,Housewares,1BDC,WoodenBedW
wooden end table,Housewares,0D6E,WoodenTableS
wooden fish,Housewares,101C,Mokugyo
wooden full-length mirror,Housewares,1BE1,WoodenMirror
wooden low table,Housewares,1BDE,WoodenTableM
wooden mini table,Housewares,1BDD,WoodenTableMini
wooden simple bed,Housewares,0A2D,WoodenBedS
wooden stool,Housewares,0D79,WoodenStoolS
wooden table,Housewares,0D6F,WoodenTableL
wooden table mirror,Housewares,227A,WoodenMirrorS
wooden toolbox,Housewares,1D1E,ToolboxWood
wooden wardrobe,Housewares,0D6C,WoodenCloset
wooden waste bin,Housewares,0DA2,TrashboxWood
wooden-block bed,Housewares,0615,BlockBedS
wooden-block bench,Housewares,0617,BlockChairL
wooden-block bookshelf,Housewares,0616,BlockShelf
wooden-block chair,Housewares,09FE,BlockChairS
wooden-block chest,Housewares,0619,BlockChest
wooden-block stereo,Housewares,0C85,BlockCompo
wooden-block stool,Housewares,15A7,BlockStoolS
wooden-block table,Housewares,061D,BlockTableL
wooden-block toy,Housewares,0C86,BlockBrick
wooden-block wall clock,Housewares,0C88,BlockClock
wooden-plank sign,Housewares,1604,SignboardWood
world map,Housewares,31C5,WorldMap
writing chair,Housewares,0E76,StudyChair
writing desk,Housewares,0E75,StudyDesk
writing poster,Housewares,0E00,Studyposter
yellow-leaf pile,Housewares,10AE,FallenleavesYellow
yucca,Housewares,1024,PlantYucca
zen cushion,Housewares,1B87,CushionJapan
zen-style stone,Housewares,1C95,GravestoneJapan
shovel,Tools,0833,Scoop
fishing rod,Tools,0949,Angling
watering can,Tools,094B,Watering
slingshot,Tools,0B06,Slingshot
net,Tools,1698,NetNormal
mushroom wand,Tools,1DA4,StickMushroom
star net,Tools,1FF0,NetStar
colorful net,Tools,1FF1,NetPattern
outdoorsy net,Tools,1FF2,NetOutdoor
fish fishing rod,Tools,2117,FishingrodColorful
colorful fishing rod,Tools,2118,FishingrodDuck
outdoorsy fishing rod,Tools,2119,FishingrodOutdoor
colorful watering can,Tools,2156,WateringColorful
elephant watering can,Tools,2157,WateringElephant
outdoorsy watering can,Tools,2158,WateringOutdoor
outdoorsy shovel,Tools,217F,ScoopOutdoor
printed-design shovel,Tools,2180,ScoopPattern
colorful shovel,Tools,2181,ScoopColorful
outdoorsy slingshot,Tools,2183,SlingshotOutdoor
colorful slingshot,Tools,2184,SlingshotColorful